DATE,Actual_SNOW_Next_Day,Predicted_SNOW_Next_Day,Snow_Probability,Predicted_Snow_Flag
2022-05-27,0.0,0.0,0.00796641,0
2022-05-28,0.4999999999999858,0.0,0.42598704,0
2022-05-29,4.499999999999989,5.273470401763916,0.9613354,1
2022-05-30,7.200000000000003,3.847691774368286,0.9532608,1
2022-05-31,4.400000000000002,3.0942423343658447,0.85831034,1
2022-06-01,1.1999999999999993,0.0,0.3081515,0
2022-06-02,0.0,0.0,0.0078857895,0
2022-06-03,0.0,0.0,0.005439399,0
2022-06-04,0.0,0.0,0.004764045,0
2022-06-05,0.0,0.0,0.016405173,0
2022-06-06,0.0,0.0,0.070861004,0
2022-06-07,0.0,0.0,0.0076926146,0
2022-06-08,0.0,0.0,0.003676414,0
2022-06-09,0.0,0.0,0.0028510182,0
2022-06-10,0.0,0.0,0.002563074,0
2022-06-11,0.0,0.0,0.006083367,0
2022-06-12,0.0,0.0,0.0016945218,0
2022-06-13,0.0,0.0,0.7060619,0
2022-06-14,0.0,2.3283488750457764,0.7544893,1
2022-06-15,0.0,0.0,0.17082772,0
2022-06-16,0.0,0.0,0.002925082,0
2022-06-17,0.0,0.0,0.004397507,0
2022-06-18,0.0,0.0,0.0038543015,0
2022-06-19,0.0,0.0,0.01239162,0
2022-06-20,2.399999999999995,0.0,0.27629983,0
2022-06-21,2.399999999999995,0.0,0.27714455,0
2022-06-22,0.0,0.0,0.005979026,0
2022-06-23,0.0,0.0,0.0041159117,0
2022-06-24,0.0,0.0,0.003339815,0
2022-06-25,0.0,0.0,0.0026896182,0
2022-06-26,0.0,0.0,0.002450713,0
2022-06-27,0.0,0.0,0.0028323745,0
2022-06-28,0.0,0.0,0.0027777874,0
2022-06-29,0.0,0.0,0.002469245,0
2022-06-30,0.0,0.0,0.0016069273,0
2022-07-01,0.0,0.0,0.0018948258,0
2022-07-02,0.0,0.0,0.0018561338,0
2022-07-03,0.0,0.0,0.002030389,0
2022-07-04,0.0,0.0,0.0015789904,0
2022-07-05,0.0,0.0,0.0016129293,0
2022-07-06,0.0,0.0,0.0015748177,0
2022-07-07,0.0,0.0,0.001499882,0
2022-07-08,0.0,0.0,0.001460431,0
2022-07-09,0.0,0.0,0.0016370347,0
2022-07-10,0.0,0.0,0.0016787059,0
2022-07-11,0.0,0.0,0.0015045488,0
2022-07-12,0.0,0.0,0.0014858935,0
2022-07-13,0.0,0.0,0.0014128294,0
2022-07-14,0.0,0.0,0.0013813673,0
2022-07-15,0.0,0.0,0.001454114,0
2022-07-16,0.0,0.0,0.0014068794,0
2022-07-17,0.0,0.0,0.0014224104,0
2022-07-18,0.0,0.0,0.001433466,0
2022-07-19,0.0,0.0,0.00145146,0
2022-07-20,0.0,0.0,0.0014871894,0
2022-07-21,0.0,0.0,0.0014605714,0
2022-07-22,0.0,0.0,0.0014972306,0
2022-07-23,0.0,0.0,0.0014972306,0
2022-07-24,0.0,0.0,0.0014972306,0
2022-07-25,0.0,0.0,0.0014764062,0
2022-07-26,0.0,0.0,0.001477046,0
2022-07-27,0.0,0.0,0.001514118,0
2022-07-28,0.0,0.0,0.001514118,0
2022-07-29,0.0,0.0,0.001477046,0
2022-07-30,0.0,0.0,0.0014975871,0
2022-07-31,0.0,0.0,0.0014975871,0
2022-08-01,0.0,0.0,0.0014975871,0
2022-08-02,0.0,0.0,0.0014705026,0
2022-08-03,0.0,0.0,0.0016814427,0
2022-08-04,0.0,0.0,0.0014710992,0
2022-08-05,0.0,0.0,0.0016159805,0
2022-08-06,0.0,0.0,0.0024165106,0
2022-08-07,0.0,0.0,0.007804364,0
2022-08-08,0.0,0.0,0.0016179095,0
2022-08-09,0.0,0.0,0.0013636552,0
2022-08-10,0.0,0.0,0.0015088947,0
2022-08-11,0.0,0.0,0.0015478978,0
2022-08-12,0.0,0.0,0.0017502884,0
2022-08-13,0.0,0.0,0.0019032847,0
2022-08-14,0.0,0.0,0.0028715406,0
2022-08-15,0.0,0.0,0.0014314592,0
2022-08-16,0.0,0.0,0.0014094897,0
2022-08-17,0.0,0.0,0.0013986063,0
2022-08-18,0.0,0.0,0.0014673887,0
2022-08-19,0.0,0.0,0.0014154919,0
2022-08-20,0.0,0.0,0.0015385603,0
2022-08-21,0.0,0.0,0.0013962747,0
2022-08-22,0.0,0.0,0.005120196,0
2022-08-23,0.0,0.0,0.0014880635,0
2022-08-24,0.0,0.0,0.0011217683,0
2022-08-25,0.0,0.0,0.0013379169,0
2022-08-26,0.0,0.0,0.0014309959,0
2022-08-27,0.0,0.0,0.0014660752,0
2022-08-28,0.0,0.0,0.0015087209,0
2022-08-29,0.0,0.0,0.0016335269,0
2022-08-30,0.0,0.0,0.0014338768,0
2022-08-31,0.0,0.0,0.0014487637,0
2022-09-01,0.0,0.0,0.0014909783,0
2022-09-02,0.0,0.0,0.0015329025,0
2022-09-03,0.0,0.0,0.0014746996,0
2022-09-04,0.0,0.0,0.0017410293,0
2022-09-05,0.0,0.0,0.0014087865,0
2022-09-06,0.0,0.0,0.0013847273,0
2022-09-07,0.0,0.0,0.0014000143,0
2022-09-08,0.0,0.0,0.0013506648,0
2022-09-09,0.0,0.0,0.00164421,0
2022-09-10,0.0,0.0,0.0013947656,0
2022-09-11,0.0,0.0,0.0017351543,0
2022-09-12,0.0,0.0,0.002139563,0
2022-09-13,0.0,0.0,0.001798578,0
2022-09-14,0.0,0.0,0.0025151647,0
2022-09-15,0.0,0.0,0.003266167,0
2022-09-16,0.0,0.0,0.027789792,0
2022-09-17,0.0,0.0,0.007367984,0
2022-09-18,0.0,0.0,0.0021328898,0
2022-09-19,0.0,0.0,0.0023436563,0
2022-09-20,0.0,0.0,0.0027588434,0
2022-09-21,0.0,0.0,0.0018266445,0
2022-09-22,0.0,0.0,0.19060038,0
2022-09-23,0.0,0.0,0.070720576,0
2022-09-24,0.0,0.0,0.0025388678,0
2022-09-25,0.0,0.0,0.0027998458,0
2022-09-26,0.0,0.0,0.002810403,0
2022-09-27,0.0,0.0,0.002438972,0
2022-09-28,0.0,0.0,0.0017306396,0
2022-09-29,0.0,0.0,0.0027337137,0
2022-09-30,0.7999999999999965,0.0,0.04927744,0
2022-10-01,0.7999999999999965,0.0,0.21577094,0
2022-10-02,0.0,0.0,0.07192084,0
2022-10-03,0.0,0.0,0.021840045,0
2022-10-04,0.0,0.0,0.0068488778,0
2022-10-05,0.0,0.0,0.0030746886,0
2022-10-06,0.0,0.0,0.003103216,0
2022-10-07,0.0,0.0,0.00361695,0
2022-10-08,0.0,0.0,0.0034322958,0
2022-10-09,0.0,0.0,0.0031380325,0
2022-10-10,0.0,0.0,0.0058647934,0
2022-10-11,0.0,0.0,0.011950537,0
2022-10-12,0.0,0.0,0.039515562,0
2022-10-13,0.0,0.0,0.005539718,0
2022-10-14,0.39999999999999647,0.0,0.004401644,0
2022-10-15,0.39999999999999647,0.0,0.0111095905,0
2022-10-16,0.0,0.0,0.0030361358,0
2022-10-17,0.0,0.0,0.0031297007,0
2022-10-18,0.0,0.0,0.0033238935,0
2022-10-19,0.0,0.0,0.003029164,0
2022-10-20,0.0,0.0,0.0045350897,0
2022-10-21,1.4999999999999964,0.0,0.038104724,0
2022-10-22,8.999999999999996,5.949544429779053,0.76382196,1
2022-10-23,13.499999999999996,7.150095462799072,0.98350614,1
2022-10-24,7.799999999999995,5.57160758972168,0.9733723,1
2022-10-25,5.549999999999995,4.70524787902832,0.95536387,1
2022-10-26,6.749999999999996,4.490807056427002,0.97419906,1
2022-10-27,2.9999999999999956,3.4205784797668457,0.9865151,1
2022-10-28,0.0,0.0,0.2080759,0
2022-10-29,0.0,0.0,0.22375497,0
2022-10-30,0.4999999999999969,0.0,0.113841966,0
2022-10-31,0.4999999999999969,0.0,0.28703967,0
2022-11-01,0.0,0.0,0.015209597,0
2022-11-02,5.249999999999995,0.0,0.20017205,0
2022-11-03,5.249999999999995,3.9459240436553955,0.92971545,1
2022-11-04,7.800000000000001,4.35213041305542,0.8209626,1
2022-11-05,26.55,8.77128791809082,0.9946825,1
2022-11-06,18.749999999999996,9.9083833694458,0.99499327,1
2022-11-07,7.199999999999992,0.0,0.3017782,0
2022-11-08,12.599999999999994,9.808362007141113,0.99101746,1
2022-11-09,9.899999999999995,5.461176872253418,0.99002856,1
2022-11-10,7.4999999999999964,4.342818737030029,0.9617346,1
2022-11-11,3.7499999999999964,4.142131328582764,0.9276484,1
2022-11-12,0.7499999999999938,0.0,0.5335624,0
2022-11-13,0.0,3.590993642807007,0.7284799,1
2022-11-14,0.0,0.0,0.5664673,0
2022-11-15,0.0,0.0,0.4801703,0
2022-11-16,0.0,0.0,0.2993077,0
2022-11-17,0.0,0.0,0.2253099,0
2022-11-18,0.0,0.0,0.4070626,0
2022-11-19,0.0,0.0,0.32114038,0
2022-11-20,0.0,0.0,0.2999996,0
2022-11-21,0.0,0.0,0.17607534,0
2022-11-22,0.0,0.0,0.089516535,0
2022-11-23,3.5999999999999943,0.0,0.5988522,0
2022-11-24,3.5999999999999943,4.275482654571533,0.9818456,1
2022-11-25,0.600000000000005,0.0,0.061037634,0
2022-11-26,2.849999999999997,0.0,0.42236754,0
2022-11-27,4.499999999999994,6.786999702453613,0.90224546,1
2022-11-28,5.250000000000004,0.0,0.36416778,0
2022-11-29,4.499999999999994,5.148763179779053,0.9661614,1
2022-11-30,3.2999999999999954,4.3187408447265625,0.7575866,1
2022-12-01,19.049999999999994,6.530209064483643,0.9669311,1
2022-12-02,17.999999999999986,9.298377990722656,0.99252146,1
2022-12-03,0.7499999999999938,0.0,0.12838894,0
2022-12-04,4.500000000000007,4.705740928649902,0.9522038,1
2022-12-05,5.249999999999991,5.593903064727783,0.72680944,1
2022-12-06,2.999999999999986,0.0,0.4396214,0
2022-12-07,2.2500000000000018,3.520815372467041,0.88067174,1
2022-12-08,0.7500000000000071,4.082788467407227,0.8668932,1
2022-12-09,0.7500000000000071,0.0,0.5109514,0
2022-12-10,0.5999999999999837,0.0,0.20033787,0
2022-12-11,1.3499999999999943,0.0,0.5454042,0
2022-12-12,0.7500000000000071,0.0,0.5991848,0
2022-12-13,0.0,0.0,0.5739731,0
2022-12-14,0.7500000000000071,3.163583993911743,0.75318176,1
2022-12-15,1.4999999999999911,0.0,0.7011497,0
2022-12-16,0.7499999999999805,0.0,0.31817454,0
2022-12-17,0.0,2.1185452938079834,0.74002236,1
2022-12-18,0.7500000000000071,0.0,0.6892651,0
2022-12-19,0.7500000000000071,0.0,0.5793666,0
2022-12-20,1.4999999999999911,0.0,0.5160845,0
2022-12-21,8.999999999999991,3.153282880783081,0.785053,1
2022-12-22,7.4999999999999964,0.0,0.27553022,0
2022-12-23,2.9999999999999964,0.0,0.38098422,0
2022-12-24,3.600000000000005,7.8770670890808105,0.9854805,1
2022-12-25,1.6000000000000014,4.97481107711792,0.78317446,1
2022-12-26,0.9999999999999929,5.407486915588379,0.75356823,1
2022-12-27,0.0,0.0,0.43051797,0
2022-12-28,1.4999999999999911,0.0,0.68647045,0
2022-12-29,3.7499999999999964,7.512900352478027,0.9347153,1
2022-12-30,5.849999999999989,7.585559368133545,0.9178152,1
2022-12-31,8.099999999999994,8.448286056518555,0.9747259,1
2023-01-01,4.500000000000007,8.030096054077148,0.97681206,1
2023-01-02,0.0,0.0,0.62127614,0
2023-01-03,0.7500000000000071,3.389580726623535,0.80711097,1
2023-01-04,1.9500000000000028,6.745494365692139,0.8028555,1
2023-01-05,2.9999999999999964,0.0,0.6683479,0
2023-01-06,2.9999999999999964,0.0,0.64114434,0
2023-01-07,1.1999999999999922,0.0,0.5898077,0
2023-01-08,1.1999999999999922,0.0,0.6007034,0
2023-01-09,2.9999999999999964,0.0,0.3364894,0
2023-01-10,2.5499999999999847,0.0,0.7061969,0
2023-01-11,9.149999999999993,5.179302215576172,0.8383717,1
2023-01-12,8.40000000000001,11.439595222473145,0.9955373,1
2023-01-13,0.5999999999999837,0.0,0.20989387,0
2023-01-14,1.8000000000000007,4.232764720916748,0.7332745,1
2023-01-15,7.199999999999992,4.32952880859375,0.7264969,1
2023-01-16,7.4999999999999964,8.43667221069336,0.99321765,1
2023-01-17,1.5000000000000178,0.0,0.4087807,0
2023-01-18,0.7499999999999805,0.0,0.48736295,0
2023-01-19,0.7499999999999805,0.0,0.22903754,0
2023-01-20,0.0,0.0,0.2836651,0
2023-01-21,0.0,0.0,0.18925905,0
2023-01-22,0.7500000000000071,0.0,0.2805334,0
2023-01-23,0.7500000000000071,0.0,0.16775797,0
2023-01-24,0.7499999999999805,0.0,0.19673346,0
2023-01-25,2.2500000000000018,0.0,0.61542803,0
2023-01-26,5.250000000000018,4.994927406311035,0.7329634,1
2023-01-27,18.749999999999996,9.213010787963867,0.9908379,1
2023-01-28,20.249999999999993,12.649020195007324,0.99494356,1
2023-01-29,5.249999999999991,4.474822998046875,0.9410616,1
2023-01-30,0.0,0.0,0.4301574,0
2023-01-31,0.0,0.0,0.18471652,0
2023-02-01,0.0,0.0,0.2624786,0
2023-02-02,0.5999999999999837,0.0,0.7007112,0
2023-02-03,0.5999999999999837,0.0,0.0875208,0
2023-02-04,0.0,0.0,0.6174731,0
2023-02-05,6.000000000000002,0.0,0.18994723,0
2023-02-06,7.4999999999999964,7.277074813842773,0.9898487,1
2023-02-07,1.4999999999999911,5.150471210479736,0.88865477,1
2023-02-08,0.0,0.0,0.3255283,0
2023-02-09,0.0,0.0,0.23397551,0
2023-02-10,0.600000000000005,0.0,0.0987401,0
2023-02-11,0.600000000000005,0.0,0.044008438,0
2023-02-12,0.0,0.0,0.1356328,0
2023-02-13,0.0,0.0,0.0710113,0
2023-02-14,2.2500000000000018,0.0,0.26363057,0
2023-02-15,2.999999999999986,0.0,0.16886339,0
2023-02-16,0.7499999999999805,0.0,0.14399026,0
2023-02-17,0.0,0.0,0.24098226,0
2023-02-18,4.500000000000007,6.015333652496338,0.75123996,1
2023-02-19,6.899999999999999,6.877479553222656,0.745789,1
2023-02-20,12.15000000000002,7.623587608337402,0.954651,1
2023-02-21,15.750000000000007,10.28964614868164,0.9795339,1
2023-02-22,6.749999999999986,4.260465145111084,0.9845612,1
2023-02-23,1.5000000000000213,4.1256279945373535,0.87732106,1
2023-02-24,0.7500000000000071,4.615238189697266,0.88571286,1
2023-02-25,0.5999999999999623,4.276181697845459,0.73923486,1
2023-02-26,1.349999999999973,5.35853385925293,0.78560996,1
2023-02-27,3.7499999999999964,0.0,0.23955368,0
2023-02-28,6.749999999999986,6.302753448486328,0.87741345,1
2023-03-01,6.750000000000039,5.443561553955078,0.84580374,1
2023-03-02,5.250000000000018,5.0500335693359375,0.96680707,1
2023-03-03,6.749999999999986,3.879103183746338,0.9277844,1
2023-03-04,5.999999999999975,3.851754903793335,0.91141766,1
2023-03-05,2.249999999999975,3.488004684448242,0.802397,1
2023-03-06,3.000000000000039,0.0,0.46493608,0
2023-03-07,2.2500000000000284,3.08679461479187,0.90991,1
2023-03-08,0.0,0.0,0.2832657,0
2023-03-09,1.7999999999999794,0.0,0.39169684,0
2023-03-10,3.3000000000000007,3.817063570022583,0.73353755,1
2023-03-11,1.5000000000000178,0.0,0.653541,0
2023-03-12,0.5999999999999623,0.0,0.19917901,0
2023-03-13,2.5999999999999908,6.398688316345215,0.7525768,1
2023-03-14,6.499999999999982,6.563544750213623,0.88298225,1
2023-03-15,5.2499999999999645,5.863535404205322,0.9555506,1
2023-03-16,0.7500000000000071,3.697321891784668,0.78861284,1
2023-03-17,0.0,0.0,0.24802294,0
2023-03-18,0.0,0.0,0.21550088,0
2023-03-19,1.2000000000000135,0.0,0.26844597,0
2023-03-20,7.199999999999992,4.480352401733398,0.81903434,1
2023-03-21,6.599999999999984,10.012446403503418,0.9939022,1
2023-03-22,4.350000000000005,0.0,0.62886494,0
2023-03-23,8.250000000000007,7.516026973724365,0.9936724,1
2023-03-24,10.499999999999986,4.714537620544434,0.9723923,1
2023-03-25,17.249999999999975,6.201125621795654,0.9870135,1
2023-03-26,13.500000000000028,5.480490684509277,0.9817492,1
2023-03-27,3.7499999999999964,0.0,0.66903484,0
2023-03-28,1.9999999999999716,0.0,0.3477232,0
2023-03-29,1.2500000000000142,6.248095512390137,0.96388054,1
2023-03-30,4.500000000000007,6.577610969543457,0.8408259,1
2023-03-31,7.949999999999971,5.670018196105957,0.9435219,1
2023-04-01,5.699999999999992,6.074428558349609,0.9541818,1
2023-04-02,3.0000000000000426,5.380916595458984,0.8701332,1
2023-04-03,2.249999999999975,3.6410934925079346,0.9418433,1
2023-04-04,0.7499999999999538,2.5269691944122314,0.9268128,1
2023-04-05,0.7500000000000071,6.104184150695801,0.9664582,1
2023-04-06,0.7500000000000071,3.034088611602783,0.80763465,1
2023-04-07,1.0000000000000107,0.0,0.4166607,0
2023-04-08,1.0000000000000107,0.0,0.5637233,0
2023-04-09,0.0,0.0,0.29790753,0
2023-04-10,1.199999999999985,0.0,0.15759644,0
2023-04-11,3.5999999999999908,0.0,0.041035347,0
2023-04-12,9.149999999999991,0.0,0.44057602,0
2023-04-13,12.000000000000007,4.295167922973633,0.9690819,1
2023-04-14,5.250000000000018,4.178955554962158,0.97783685,1
2023-04-15,0.0,0.0,0.5007756,0
2023-04-16,0.0,0.0,0.23042654,0
2023-04-17,1.7999999999999794,0.0,0.5586354,0
2023-04-18,6.29999999999999,5.722202777862549,0.9126242,1
2023-04-19,8.250000000000007,4.416865825653076,0.93539035,1
2023-04-20,3.7499999999999964,0.0,0.6981592,0
2023-04-21,1.7999999999999794,0.0,0.39506248,0
2023-04-22,1.7999999999999794,3.5041229724884033,0.9315842,1
2023-04-23,0.0,0.0,0.21089171,0
2023-04-24,4.499999999999989,0.0,0.56767154,0
2023-04-25,4.899999999999995,4.572031497955322,0.8732632,1
2023-04-26,0.9000000000000092,0.0,0.3731464,0
2023-04-27,0.5000000000000036,0.0,0.28753284,0
2023-04-28,0.40000000000000213,0.0,0.2567547,0
2023-04-29,0.40000000000000213,0.0,0.051197294,0
2023-04-30,0.0,0.0,0.01441252,0
2023-05-01,0.0,0.0,0.009765549,0
2023-05-02,0.0,0.0,0.022818567,0
2023-05-03,0.0,0.0,0.0069601033,0
2023-05-04,0.0,0.0,0.06366639,0
2023-05-05,0.0,0.0,0.23719506,0
2023-05-06,0.0,0.0,0.33109236,0
2023-05-07,0.0,0.0,0.62495995,0
2023-05-08,1.6000000000000192,0.0,0.33755395,0
2023-05-09,1.6000000000000192,3.943528413772583,0.85894156,1
2023-05-10,0.3999999999999737,0.0,0.2222789,0
2023-05-11,0.7999999999999794,0.0,0.28476304,0
2023-05-12,0.40000000000000213,0.0,0.07416267,0
2023-05-13,0.0,0.0,0.01940777,0
2023-05-14,0.0,0.0,0.0056120874,0
2023-05-15,0.0,0.0,0.005843807,0
2023-05-16,0.0,0.0,0.004824504,0
2023-05-17,0.0,0.0,0.005283872,0
2023-05-18,0.0,0.0,0.006028346,0
2023-05-19,0.0,0.0,0.0038495883,0
2023-05-20,0.0,0.0,0.0039037147,0
2023-05-21,0.0,0.0,0.0026700306,0
2023-05-22,0.0,0.0,0.0021389695,0
2023-05-23,0.0,0.0,0.0018908565,0
2023-05-24,0.0,0.0,0.004463877,0
2023-05-25,0.0,0.0,0.06637396,0
2023-05-26,0.0,0.0,0.006104392,0
2023-05-27,0.0,0.0,0.00579155,0
2023-05-28,0.0,0.0,0.0053920858,0
2023-05-29,0.0,0.0,0.0031990116,0
2023-05-30,0.0,0.0,0.004369251,0
2023-05-31,0.0,0.0,0.0030798025,0
2023-06-01,0.0,0.0,0.0026256545,0
2023-06-02,0.0,0.0,0.010695685,0
2023-06-03,0.0,0.0,0.0657697,0
2023-06-04,0.0,0.0,0.010383491,0
2023-06-05,0.0,0.0,0.002868788,0
2023-06-06,0.0,0.0,0.0040355087,0
2023-06-07,0.0,0.0,0.0019340779,0
2023-06-08,0.0,0.0,0.0020302932,0
2023-06-09,0.0,0.0,0.0027935263,0
2023-06-10,0.0,0.0,0.0035280038,0
2023-06-11,0.0,0.0,0.004538186,0
2023-06-12,0.0,0.0,0.0031969852,0
2023-06-13,0.0,0.0,0.009124572,0
2023-06-14,0.0,0.0,0.0072483523,0
2023-06-15,0.0,0.0,0.005341908,0
2023-06-16,0.0,0.0,0.0062493295,0
2023-06-17,0.0,0.0,0.0057339803,0
2023-06-18,0.0,0.0,0.0107866945,0
2023-06-19,0.0,0.0,0.28664115,0
2023-06-20,0.0,0.0,0.44150847,0
2023-06-21,0.0,0.0,0.11349746,0
2023-06-22,0.0,0.0,0.01125415,0
2023-06-23,0.0,0.0,0.03514276,0
2023-06-24,0.0,0.0,0.00405026,0
2023-06-25,0.0,0.0,0.0052569434,0
2023-06-26,0.0,0.0,0.0035756647,0
2023-06-27,0.0,0.0,0.0038740104,0
2023-06-28,0.0,0.0,0.002904414,0
2023-06-29,0.0,0.0,0.0023015782,0
2023-06-30,0.0,0.0,0.0028187097,0
2023-07-01,0.0,0.0,0.0028813893,0
2023-07-02,0.0,0.0,0.0024215218,0
2023-07-03,0.0,0.0,0.002182004,0
2023-07-04,0.0,0.0,0.002045867,0
2023-07-05,0.0,0.0,0.0020697806,0
2023-07-06,0.0,0.0,0.0018473909,0
2023-07-07,0.0,0.0,0.0019195846,0
2023-07-08,0.0,0.0,0.0017354261,0
2023-07-09,0.0,0.0,0.0017112079,0
2023-07-10,0.0,0.0,0.0015778631,0
2023-07-11,0.0,0.0,0.0015914987,0
2023-07-12,0.0,0.0,0.0015719525,0
2023-07-13,0.0,0.0,0.0014857308,0
2023-07-14,0.0,0.0,0.0014242043,0
2023-07-15,0.0,0.0,0.0013390565,0
2023-07-16,0.0,0.0,0.0013371354,0
2023-07-17,0.0,0.0,0.0014243631,0
2023-07-18,0.0,0.0,0.00147772,0
2023-07-19,0.0,0.0,0.0014595691,0
2023-07-20,0.0,0.0,0.001433466,0
2023-07-21,0.0,0.0,0.0014178143,0
2023-07-22,0.0,0.0,0.001433466,0
2023-07-23,0.0,0.0,0.0014399134,0
2023-07-24,0.0,0.0,0.0014934699,0
2023-07-25,0.0,0.0,0.0025990608,0
2023-07-26,0.0,0.0,0.001451428,0
2023-07-27,0.0,0.0,0.0013535513,0
2023-07-28,0.0,0.0,0.0013420935,0
2023-07-29,0.0,0.0,0.001321279,0
2023-07-30,0.0,0.0,0.0013377125,0
2023-07-31,0.0,0.0,0.0013377125,0
2023-08-01,0.0,0.0,0.0014228352,0
2023-08-02,0.0,0.0,0.0017192365,0
2023-08-03,0.0,0.0,0.0026223336,0
2023-08-04,0.0,0.0,0.008973238,0
2023-08-05,0.0,0.0,0.0050115064,0
2023-08-06,0.0,0.0,0.00170506,0
2023-08-07,0.0,0.0,0.0019711356,0
2023-08-08,0.0,0.0,0.003998335,0
2023-08-09,0.0,0.0,0.002082057,0
2023-08-10,0.0,0.0,0.002257131,0
2023-08-11,0.0,0.0,0.0028234143,0
2023-08-12,0.0,0.0,0.001925214,0
2023-08-13,0.0,0.0,0.0018885138,0
2023-08-14,0.0,0.0,0.0017906586,0
2023-08-15,0.0,0.0,0.0016496417,0
2023-08-16,0.0,0.0,0.001834046,0
2023-08-17,0.0,0.0,0.0015343444,0
2023-08-18,0.0,0.0,0.0014446182,0
2023-08-19,0.0,0.0,0.0015429968,0
2023-08-20,0.0,0.0,0.0018049551,0
2023-08-21,0.0,0.0,0.0026542898,0
2023-08-22,0.0,0.0,0.0014781506,0
2023-08-23,0.0,0.0,0.0013956178,0
2023-08-24,0.0,0.0,0.0013893507,0
2023-08-25,0.0,0.0,0.0014319303,0
2023-08-26,0.0,0.0,0.0014486925,0
2023-08-27,0.0,0.0,0.0015392767,0
2023-08-28,0.0,0.0,0.0015432481,0
2023-08-29,0.0,0.0,0.0014368478,0
2023-08-30,0.0,0.0,0.0016945193,0
2023-08-31,0.0,0.0,0.0015631515,0
2023-09-01,0.0,0.0,0.0013352883,0
2023-09-02,0.0,0.0,0.0019118584,0
2023-09-03,0.0,0.0,0.0014483967,0
2023-09-04,0.0,0.0,0.009741167,0
2023-09-05,0.0,0.0,0.016446201,0
2023-09-06,0.0,0.0,0.002392011,0
2023-09-07,0.0,0.0,0.0021442643,0
2023-09-08,0.0,0.0,0.002043317,0
2023-09-09,0.0,0.0,0.0022169044,0
2023-09-10,0.0,0.0,0.0017497712,0
2023-09-11,0.0,0.0,0.0021130424,0
2023-09-12,0.0,0.0,0.0024527947,0
2023-09-13,0.0,0.0,0.002224428,0
2023-09-14,0.0,0.0,0.0020241714,0
2023-09-15,0.0,0.0,0.0021054838,0
2023-09-16,0.0,0.0,0.002866218,0
2023-09-17,0.0,0.0,0.0029747977,0
2023-09-18,0.0,0.0,0.0024539442,0
2023-09-19,0.0,0.0,0.0017909007,0
2023-09-20,0.0,0.0,0.017849708,0
2023-09-21,0.0,0.0,0.14711818,0
2023-09-22,0.7999999999999965,0.0,0.5971308,0
2023-09-23,0.7999999999999965,0.0,0.17484052,0
2023-09-24,0.0,0.0,0.0025562684,0
2023-09-25,0.0,0.0,0.002672917,0
2023-09-26,0.0,0.0,0.0033643143,0
2023-09-27,0.0,0.0,0.0031134838,0
2023-09-28,0.0,0.0,0.056542274,0
2023-09-29,0.0,0.0,0.0044053197,0
2023-09-30,0.0,0.0,0.0035645152,0
2023-10-01,0.0,0.0,0.009199547,0
2023-10-02,0.9999999999999964,0.0,0.39711785,0
2023-10-03,6.9999999999999964,4.235041618347168,0.97348344,1
2023-10-04,5.9999999999999964,9.444581985473633,0.98248196,1
2023-10-05,0.0,0.0,0.107784435,0
2023-10-06,0.0,0.0,0.03628085,0
2023-10-07,0.0,0.0,0.0033058077,0
2023-10-08,0.0,0.0,0.0047678947,0
2023-10-09,0.0,0.0,0.0032242553,0
2023-10-10,0.0,0.0,0.016033096,0
2023-10-11,0.9999999999999969,0.0,0.5641222,0
2023-10-12,3.999999999999996,3.1227457523345947,0.90149343,1
2023-10-13,2.9999999999999956,3.8830039501190186,0.82733977,1
2023-10-14,0.0,0.0,0.22846632,0
2023-10-15,0.0,0.0,0.037164792,0
2023-10-16,0.0,0.0,0.0056148134,0
2023-10-17,0.0,0.0,0.012389566,0
2023-10-18,0.0,0.0,0.006030523,0
2023-10-19,0.0,0.0,0.0027348462,0
2023-10-20,0.0,0.0,0.0030785776,0
2023-10-21,0.0,0.0,0.0033727635,0
2023-10-22,0.0,0.0,0.0051899934,0
2023-10-23,0.3999999999999968,0.0,0.03722378,0
2023-10-24,0.3999999999999968,0.0,0.38703045,0
2023-10-25,15.749999999999993,0.0,0.4117906,0
2023-10-26,17.999999999999993,11.771929740905762,0.989778,1
2023-10-27,2.9999999999999956,4.515140533447266,0.9302976,1
2023-10-28,1.4999999999999944,0.0,0.5296955,0
2023-10-29,0.7499999999999971,0.0,0.66847354,0
2023-10-30,0.0,0.0,0.45859385,0
2023-10-31,0.4999999999999969,0.0,0.48874956,0
2023-11-01,0.4999999999999969,0.0,0.1294304,0
2023-11-02,8.999999999999996,0.0,0.49262387,0
2023-11-03,10.999999999999998,8.892189025878906,0.9897115,1
2023-11-04,1.9999999999999982,0.0,0.66187525,0
2023-11-05,3.4999999999999973,0.0,0.6498451,0
2023-11-06,6.499999999999997,4.5774431228637695,0.91029215,1
2023-11-07,2.9999999999999964,4.87896728515625,0.945578,1
2023-11-08,0.0,0.0,0.49004453,0
2023-11-09,0.0,0.0,0.24940366,0
2023-11-10,0.0,0.0,0.29611474,0
2023-11-11,0.0,0.0,0.5030378,0
2023-11-12,0.0,0.0,0.07064512,0
2023-11-13,0.0,0.0,0.0812195,0
2023-11-14,0.0,0.0,0.34796357,0
2023-11-15,0.0,0.0,0.13672006,0
2023-11-16,0.0,0.0,0.5264113,0
2023-11-17,0.0,0.0,0.16678265,0
2023-11-18,0.0,0.0,0.4448622,0
2023-11-19,2.9999999999999925,0.0,0.5777199,0
2023-11-20,2.9999999999999925,6.710394859313965,0.98840135,1
2023-11-21,0.4999999999999991,0.0,0.084561996,0
2023-11-22,0.4999999999999991,0.0,0.5972955,0
2023-11-23,0.0,0.0,0.540522,0
2023-11-24,0.0,0.0,0.5729191,0
2023-11-25,0.0,0.0,0.6901392,0
2023-11-26,0.0,0.0,0.27965122,0
2023-11-27,0.49999999999999467,0.0,0.16741003,0
2023-11-28,0.49999999999999467,0.0,0.22610065,0
2023-11-29,0.0,0.0,0.2091354,0
2023-11-30,1.4999999999999978,0.0,0.49217448,0
2023-12-01,10.5,4.782769203186035,0.75895923,1
2023-12-02,16.5,9.521150588989258,0.9908466,1
2023-12-03,10.999999999999993,9.011728286743164,0.98492026,1
2023-12-04,4.499999999999998,7.101823806762695,0.9821047,1
2023-12-05,1.0000000000000018,0.0,0.61689043,0
2023-12-06,0.0,0.0,0.16031511,0
2023-12-07,8.249999999999993,0.0,0.27333334,0
2023-12-08,14.999999999999996,6.452975273132324,0.97886777,1
2023-12-09,6.749999999999999,9.566256523132324,0.99492514,1
2023-12-10,2.399999999999988,5.316800594329834,0.726486,1
2023-12-11,2.399999999999988,4.038031101226807,0.767678,1
2023-12-12,0.0,0.0,0.65549666,0
2023-12-13,0.0,0.0,0.092166714,0
2023-12-14,0.0,0.0,0.14785236,0
2023-12-15,0.0,0.0,0.106700435,0
2023-12-16,0.0,0.0,0.101020314,0
2023-12-17,0.0,0.0,0.059732612,0
2023-12-18,0.5000000000000036,0.0,0.14779183,0
2023-12-19,0.5000000000000036,0.0,0.44382954,0
2023-12-20,0.49999999999999467,0.0,0.48942673,0
2023-12-21,0.49999999999999467,0.0,0.68241423,0
2023-12-22,0.0,0.0,0.56561786,0
2023-12-23,2.999999999999999,0.0,0.23698077,0
2023-12-24,2.999999999999999,3.222708225250244,0.9592756,1
2023-12-25,0.0,0.0,0.37797168,0
2023-12-26,0.0,0.0,0.4138618,0
2023-12-27,0.0,0.0,0.069422066,0
2023-12-28,0.49999999999999467,0.0,0.17976868,0
2023-12-29,0.49999999999999467,0.0,0.14584826,0
2023-12-30,0.0,0.0,0.10269836,0
2023-12-31,0.0,0.0,0.31616685,0
2024-01-01,0.0,0.0,0.282078,0
2024-01-02,0.0,0.0,0.30182314,0
2024-01-03,0.0,0.0,0.25579545,0
2024-01-04,1.4999999999999911,0.0,0.5739915,0
2024-01-05,3.7499999999999964,0.0,0.6244077,0
2024-01-06,2.2500000000000018,5.709855556488037,0.9754832,1
2024-01-07,2.2499999999999885,0.0,0.2716661,0
2024-01-08,2.2499999999999885,5.037844657897949,0.9799626,1
2024-01-09,2.2500000000000018,0.0,0.5569775,0
2024-01-10,6.000000000000002,5.106693267822266,0.96576905,1
2024-01-11,7.5,6.665027141571045,0.9763973,1
2024-01-12,6.000000000000002,0.0,0.4455572,0
2024-01-13,5.249999999999991,3.909477710723877,0.97329324,1
2024-01-14,4.4999999999999805,6.904929161071777,0.98736703,1
2024-01-15,1.4999999999999911,2.8949265480041504,0.87619156,1
2024-01-16,0.7500000000000071,0.0,0.19078483,0
2024-01-17,12.149999999999999,5.348424434661865,0.86166805,1
2024-01-18,15.600000000000005,11.535599708557129,0.99490744,1
2024-01-19,4.700000000000003,9.058878898620605,0.9807927,1
2024-01-20,1.6999999999999815,0.0,0.40808332,0
2024-01-21,1.8000000000000007,0.0,0.5885811,0
2024-01-22,1.200000000000017,0.0,0.38555387,0
2024-01-23,2.9999999999999964,0.0,0.38024384,0
2024-01-24,2.399999999999988,7.951375961303711,0.9242087,1
2024-01-25,1.8000000000000007,0.0,0.4512913,0
2024-01-26,1.8000000000000007,5.625920295715332,0.8650258,1
2024-01-27,0.4999999999999858,0.0,0.5075079,0
2024-01-28,1.5,0.0,0.2704981,0
2024-01-29,1.4000000000000021,0.0,0.2383925,0
2024-01-30,0.3999999999999879,0.0,0.090117,0
2024-01-31,0.5000000000000036,0.0,0.09620739,0
2024-02-01,0.9999999999999929,0.0,0.28646848,0
2024-02-02,1.0999999999999943,0.0,0.33164006,0
2024-02-03,7.349999999999994,4.490522384643555,0.8720862,1
2024-02-04,9.749999999999986,7.410128116607666,0.9947497,1
2024-02-05,8.500000000000004,7.294921875,0.9838494,1
2024-02-06,5.5000000000000036,7.170886039733887,0.9959791,1
2024-02-07,4.500000000000007,0.0,0.5657988,0
2024-02-08,6.749999999999986,5.1807684898376465,0.9872515,1
2024-02-09,2.249999999999975,0.0,0.4536633,0
2024-02-10,0.0,2.8443782329559326,0.7739159,1
2024-02-11,0.0,0.0,0.14867523,0
2024-02-12,0.7500000000000071,0.0,0.50685734,0
2024-02-13,4.500000000000007,0.0,0.5518484,0
2024-02-14,7.350000000000005,6.451177597045898,0.9719743,1
2024-02-15,9.599999999999984,5.6779465675354,0.9004713,1
2024-02-16,11.99999999999998,7.060966968536377,0.98499703,1
2024-02-17,6.000000000000002,5.986852645874023,0.9706993,1
2024-02-18,3.600000000000005,0.0,0.70143133,0
2024-02-19,4.800000000000001,5.040241718292236,0.9791988,1
2024-02-20,1.8000000000000007,0.0,0.41719434,0
2024-02-21,1.1999999999999922,0.0,0.26225847,0
2024-02-22,1.3499999999999943,6.253016471862793,0.7571599,1
2024-02-23,0.7500000000000071,0.0,0.14554295,0
2024-02-24,0.5999999999999837,0.0,0.42047873,0
2024-02-25,0.5999999999999837,4.9519267082214355,0.720348,1
2024-02-26,2.2500000000000018,0.0,0.116216816,0
2024-02-27,4.500000000000011,5.410226821899414,0.97243935,1
2024-02-28,2.8500000000000103,3.9761390686035156,0.8722817,1
2024-02-29,1.1999999999999922,4.331425666809082,0.8107775,1
2024-03-01,14.099999999999989,0.0,0.5637352,0
2024-03-02,21.750000000000014,14.153595924377441,0.9927804,1
2024-03-03,9.000000000000018,7.072723865509033,0.99434495,1
2024-03-04,0.7500000000000071,0.0,0.684872,0
2024-03-05,0.0,0.0,0.18115357,0
2024-03-06,3.7499999999999964,0.0,0.5891171,0
2024-03-07,3.7499999999999964,5.815989971160889,0.9720613,1
2024-03-08,0.5999999999999623,0.0,0.13113321,0
2024-03-09,0.5999999999999623,0.0,0.16846439,0
2024-03-10,0.600000000000005,0.0,0.14019726,0
2024-03-11,1.200000000000017,0.0,0.45569664,0
2024-03-12,0.600000000000005,0.0,0.7027372,0
2024-03-13,2.399999999999988,0.0,0.28917336,0
2024-03-14,3.9000000000000092,3.5156748294830322,0.8986261,1
2024-03-15,1.899999999999995,0.0,0.3734384,0
2024-03-16,0.3999999999999737,0.0,0.13160825,0
2024-03-17,0.0,0.0,0.12870495,0
2024-03-18,0.5000000000000036,0.0,0.16897109,0
2024-03-19,0.5000000000000036,0.0,0.23175536,0
2024-03-20,0.0,0.0,0.128763,0
2024-03-21,3.0000000000000036,0.0,0.64512795,0
2024-03-22,4.000000000000018,4.479870319366455,0.983167,1
2024-03-23,4.000000000000011,3.670212507247925,0.73282856,1
2024-03-24,3.749999999999954,5.868760585784912,0.98888457,1
2024-03-25,4.499999999999954,3.9881904125213623,0.9083098,1
2024-03-26,4.9500000000000135,4.081695079803467,0.9806877,1
2024-03-27,2.400000000000034,5.654890537261963,0.946881,1
2024-03-28,2.399999999999988,4.561124801635742,0.93671095,1
2024-03-29,1.1999999999999709,4.617525100708008,0.85149467,1
2024-03-30,1.0000000000000107,4.490502834320068,0.7498043,1
2024-03-31,8.199999999999985,0.0,0.5233814,0
2024-04-01,7.199999999999971,13.467283248901367,0.99328655,1
2024-04-02,0.40000000000000213,0.0,0.25932726,0
2024-04-03,0.40000000000000213,0.0,0.3364467,0
2024-04-04,0.0,0.0,0.03051619,0
2024-04-05,3.7499999999999964,0.0,0.541845,0
2024-04-06,6.149999999999988,5.699963092803955,0.977183,1
2024-04-07,4.800000000000022,6.179494380950928,0.9842184,1
2024-04-08,2.9999999999999964,3.890160322189331,0.9603345,1
2024-04-09,1.5999999999999766,0.0,0.6037873,0
2024-04-10,1.0000000000000107,3.511824369430542,0.7973915,1
2024-04-11,0.40000000000000213,0.0,0.29003137,0
2024-04-12,0.8000000000000114,0.0,0.018766318,0
2024-04-13,1.199999999999985,0.0,0.021372652,0
2024-04-14,1.2999999999999865,0.0,0.043336403,0
2024-04-15,1.5000000000000178,0.0,0.6921022,0
2024-04-16,1.0000000000000107,0.0,0.5608555,0
2024-04-17,3.7499999999999964,0.0,0.3716298,0
2024-04-18,3.7499999999999964,3.9568843841552734,0.9742633,1
2024-04-19,0.0,0.0,0.26844177,0
2024-04-20,0.0,0.0,0.2239559,0
2024-04-21,0.0,0.0,0.30743,0
2024-04-22,0.0,0.0,0.26546046,0
2024-04-23,0.0,0.0,0.12828162,0
2024-04-24,0.40000000000000213,0.0,0.0072508785,0
2024-04-25,1.199999999999985,0.0,0.5832951,0
2024-04-26,0.7999999999999794,0.0,0.31566185,0
2024-04-27,3.0000000000000036,0.0,0.63694483,0
2024-04-28,3.0000000000000036,4.438328742980957,0.95877784,1
2024-04-29,0.600000000000005,0.0,0.558434,0
2024-04-30,1.3500000000000156,3.537994861602783,0.83063585,1
2024-05-01,3.1499999999999986,4.736420631408691,0.8939947,1
2024-05-02,3.5999999999999623,2.9152517318725586,0.7912316,1
2024-05-03,1.5999999999999766,0.0,0.49316415,0
2024-05-04,0.40000000000000213,0.0,0.31696734,0
2024-05-05,2.399999999999988,4.090837478637695,0.7295533,1
2024-05-06,4.800000000000022,5.284766674041748,0.8775902,1
2024-05-07,7.800000000000022,4.557898044586182,0.8805756,1
2024-05-08,9.399999999999988,6.256045818328857,0.9911487,1
2024-05-09,4.400000000000002,3.35280442237854,0.9536657,1
2024-05-10,0.40000000000000213,0.0,0.16071531,0
2024-05-11,0.0,0.0,0.37711924,0
2024-05-12,0.0,0.0,0.0076032104,0
2024-05-13,0.0,0.0,0.08808772,0
2024-05-14,0.0,0.0,0.15263624,0
2024-05-15,0.0,0.0,0.16088666,0
2024-05-16,0.0,0.0,0.004017072,0
2024-05-17,0.0,0.0,0.20961094,0
2024-05-18,0.0,0.0,0.14841935,0
2024-05-19,0.0,0.0,0.20502894,0
2024-05-20,0.0,0.0,0.60141,0
2024-05-21,0.5000000000000036,0.0,0.18251722,0
2024-05-22,7.700000000000021,0.0,0.41411915,0
2024-05-23,10.400000000000002,8.361470222473145,0.9926185,1
2024-05-24,3.5999999999999908,0.0,0.68992317,0
2024-05-25,1.5999999999999908,0.0,0.33587056,0
2024-05-26,2.800000000000008,0.0,0.27921733,0
2024-05-27,1.9999999999999964,0.0,0.3513924,0
2024-05-28,0.3999999999999737,0.0,0.012045888,0
2024-05-29,0.0,0.0,0.19899149,0
2024-05-30,0.0,0.0,0.2990943,0
2024-05-31,0.0,0.0,0.10481764,0
2024-06-01,0.0,0.0,0.0035347776,0
2024-06-02,0.0,0.0,0.012147709,0
2024-06-03,0.0,0.0,0.025824314,0
2024-06-04,0.0,0.0,0.012575697,0
2024-06-05,0.0,0.0,0.00441425,0
2024-06-06,0.0,0.0,0.0019731882,0
2024-06-07,0.0,0.0,0.002664001,0
2024-06-08,0.0,0.0,0.001670716,0
2024-06-09,0.0,0.0,0.0015956667,0
2024-06-10,0.0,0.0,0.0045790453,0
2024-06-11,0.0,0.0,0.0018845111,0
2024-06-12,0.0,0.0,0.0020800934,0
2024-06-13,0.0,0.0,0.0017288027,0
2024-06-14,0.0,0.0,0.0018280414,0
2024-06-15,0.0,0.0,0.0016545602,0
2024-06-16,0.0,0.0,0.013909081,0
2024-06-17,0.0,0.0,0.142202,0
2024-06-18,0.0,0.0,0.27801952,0
2024-06-19,0.0,0.0,0.027409539,0
2024-06-20,0.0,0.0,0.0024645529,0
2024-06-21,0.0,0.0,0.003004183,0
2024-06-22,0.0,0.0,0.0024218399,0
2024-06-23,0.0,0.0,0.0020620232,0
2024-06-24,0.0,0.0,0.001910484,0
2024-06-25,0.0,0.0,0.002183241,0
2024-06-26,0.0,0.0,0.0025452322,0
2024-06-27,0.0,0.0,0.0018477434,0
2024-06-28,0.0,0.0,0.0016785437,0
2024-06-29,0.0,0.0,0.001853721,0
2024-06-30,0.0,0.0,0.0025474993,0
2024-07-01,0.0,0.0,0.002515045,0
2024-07-02,0.0,0.0,0.0017358308,0
2024-07-03,0.0,0.0,0.0020156654,0
2024-07-04,0.0,0.0,0.002357272,0
2024-07-05,0.0,0.0,0.0022663623,0
2024-07-06,0.0,0.0,0.002103535,0
2024-07-07,0.0,0.0,0.0021393073,0
2024-07-08,0.0,0.0,0.0017256578,0
2024-07-09,0.0,0.0,0.0019687037,0
2024-07-10,0.0,0.0,0.0015219997,0
2024-07-11,0.0,0.0,0.0015022892,0
2024-07-12,0.0,0.0,0.00141532,0
2024-07-13,0.0,0.0,0.0014432287,0
2024-07-14,0.0,0.0,0.0014665185,0
2024-07-15,0.0,0.0,0.001510594,0
2024-07-16,0.0,0.0,0.0013734945,0
2024-07-17,0.0,0.0,0.0014252967,0
2024-07-18,0.0,0.0,0.0014252967,0
2024-07-19,0.0,0.0,0.001475681,0
2024-07-20,0.0,0.0,0.001433466,0
2024-07-21,0.0,0.0,0.0014178143,0
2024-07-22,0.0,0.0,0.0014972306,0
2024-07-23,0.0,0.0,0.0014605714,0
2024-07-24,0.0,0.0,0.0014975871,0
2024-07-25,0.0,0.0,0.0014975871,0
2024-07-26,0.0,0.0,0.00151621,0
2024-07-27,0.0,0.0,0.0014975871,0
2024-07-28,0.0,0.0,0.0015928835,0
2024-07-29,0.0,0.0,0.0014384552,0
2024-07-30,0.0,0.0,0.0014384552,0
2024-07-31,0.0,0.0,0.0014288076,0
2024-08-01,0.0,0.0,0.0014917132,0
2024-08-02,0.0,0.0,0.0014745909,0
2024-08-03,0.0,0.0,0.0015789316,0
2024-08-04,0.0,0.0,0.0017172742,0
2024-08-05,0.0,0.0,0.0014032332,0
2024-08-06,0.0,0.0,0.0016516125,0
2024-08-07,0.0,0.0,0.0015299139,0
2024-08-08,0.0,0.0,0.0014404429,0
2024-08-09,0.0,0.0,0.0014705159,0
2024-08-10,0.0,0.0,0.0013816962,0
2024-08-11,0.0,0.0,0.0013627425,0
2024-08-12,0.0,0.0,0.001477046,0
2024-08-13,0.0,0.0,0.0015315223,0
2024-08-14,0.0,0.0,0.0014437058,0
2024-08-15,0.0,0.0,0.0096890945,0
2024-08-16,0.0,0.0,0.0018471412,0
2024-08-17,0.0,0.0,0.0019326692,0
2024-08-18,0.0,0.0,0.0018520823,0
2024-08-19,0.0,0.0,0.0028507172,0
2024-08-20,0.0,0.0,0.0014939572,0
2024-08-21,0.0,0.0,0.0015803837,0
2024-08-22,0.0,0.0,0.0015134139,0
2024-08-23,0.0,0.0,0.021402393,0
2024-08-24,0.0,0.0,0.018399708,0
2024-08-25,0.0,0.0,0.0017741336,0
2024-08-26,0.0,0.0,0.0024389243,0
2024-08-27,0.0,0.0,0.0021200478,0
2024-08-28,0.0,0.0,0.001874074,0
2024-08-29,0.0,0.0,0.0016488385,0
2024-08-30,0.0,0.0,0.0020910494,0
2024-08-31,0.0,0.0,0.002345664,0
2024-09-01,0.0,0.0,0.0017901789,0
2024-09-02,0.0,0.0,0.0016960083,0
2024-09-03,0.0,0.0,0.0016913788,0
2024-09-04,0.0,0.0,0.0016436959,0
2024-09-05,0.0,0.0,0.00164065,0
2024-09-06,0.0,0.0,0.0015754027,0
2024-09-07,0.0,0.0,0.0015886601,0
2024-09-08,0.0,0.0,0.0013766781,0
2024-09-09,0.0,0.0,0.0013845691,0
2024-09-10,0.0,0.0,0.023205591,0
2024-09-11,0.0,0.0,0.11472538,0
2024-09-12,1.9999999999999964,0.0,0.09006093,0
2024-09-13,1.9999999999999964,0.0,0.37921578,0
2024-09-14,0.0,0.0,0.06693877,0
2024-09-15,0.0,0.0,0.4861919,0
2024-09-16,0.0,0.0,0.43868223,0
2024-09-17,3.5999999999999965,0.0,0.57712424,0
2024-09-18,3.5999999999999965,8.408785820007324,0.98103285,1
2024-09-19,0.0,0.0,0.40118557,0
2024-09-20,0.0,0.0,0.010945635,0
2024-09-21,0.0,0.0,0.003802796,0
2024-09-22,0.0,0.0,0.0045595816,0
2024-09-23,0.0,0.0,0.009233697,0
2024-09-24,0.0,0.0,0.0047924486,0
2024-09-25,0.0,0.0,0.004977509,0
2024-09-26,0.0,0.0,0.0065531484,0
2024-09-27,0.0,0.0,0.002891795,0
2024-09-28,0.0,0.0,0.0028262765,0
2024-09-29,0.0,0.0,0.002340914,0
2024-09-30,0.0,0.0,0.0024121443,0
2024-10-01,0.0,0.0,0.0020846725,0
2024-10-02,0.0,0.0,0.0017432658,0
2024-10-03,0.0,0.0,0.0022168686,0
2024-10-04,0.0,0.0,0.0025386396,0
2024-10-05,0.0,0.0,0.0038993591,0
2024-10-06,0.0,0.0,0.002545673,0
2024-10-07,0.0,0.0,0.00212006,0
2024-10-08,0.0,0.0,0.0026581846,0
2024-10-09,0.0,0.0,0.00303786,0
2024-10-10,0.0,0.0,0.0031980127,0
2024-10-11,0.0,0.0,0.0018268498,0
2024-10-12,0.0,0.0,0.0020239786,0
2024-10-13,0.0,0.0,0.0019144345,0
2024-10-14,0.0,0.0,0.0019144345,0
2024-10-15,0.0,0.0,0.0019201795,0
2024-10-16,0.0,0.0,0.0017342352,0
2024-10-17,2.4999999999999964,0.0,0.5297528,0
2024-10-18,2.4999999999999964,4.377695560455322,0.9605777,1
2024-10-19,0.0,0.0,0.050367728,0
2024-10-20,0.0,0.0,0.0068316828,0
2024-10-21,0.0,0.0,0.009326405,0
2024-10-22,0.0,0.0,0.026997667,0
2024-10-23,0.0,0.0,0.059726506,0
2024-10-24,0.7999999999999965,0.0,0.5430524,0
2024-10-25,1.9999999999999962,0.0,0.097879484,0
2024-10-26,1.5999999999999965,0.0,0.006825047,0
2024-10-27,0.3999999999999968,0.0,0.0059341625,0
2024-10-28,0.5999999999999963,0.0,0.40133122,0
2024-10-29,1.1999999999999997,6.45175313949585,0.95014983,1
2024-10-30,0.5999999999999963,5.011061668395996,0.78336483,1
2024-10-31,1.1999999999999962,0.0,0.7095945,0
2024-11-01,1.6999999999999966,4.000171661376953,0.78208435,1
2024-11-02,4.9999999999999964,0.0,0.5770942,0
2024-11-03,5.9999999999999964,5.878089427947998,0.9865117,1
2024-11-04,3.7499999999999956,4.228854179382324,0.83056074,1
2024-11-05,8.249999999999996,4.8728556632995605,0.8317266,1
2024-11-06,5.999999999999998,8.989677429199219,0.9945522,1
2024-11-07,0.399999999999995,0.0,0.25077072,0
2024-11-08,0.399999999999995,0.0,0.14156659,0
2024-11-09,0.0,0.0,0.42755985,0
2024-11-10,0.0,0.0,0.21715291,0
2024-11-11,0.0,0.0,0.07779478,0
2024-11-12,1.799999999999998,0.0,0.147905,0
2024-11-13,1.799999999999998,4.116329193115234,0.91867745,1
2024-11-14,0.4999999999999969,0.0,0.68527853,0
2024-11-15,3.499999999999993,0.0,0.36171675,0
2024-11-16,5.249999999999998,6.5707688331604,0.9725592,1
2024-11-17,2.999999999999999,5.159087181091309,0.96578246,1
2024-11-18,9.749999999999996,4.277405261993408,0.82184863,1
2024-11-19,10.5,9.513998985290527,0.9942894,1
2024-11-20,1.499999999999996,4.334310531616211,0.9074901,1
2024-11-21,0.39999999999999325,0.0,0.42926803,0
2024-11-22,0.39999999999999325,0.0,0.2556689,0
2024-11-23,4.499999999999992,0.0,0.17164207,0
2024-11-24,5.2499999999999964,4.9716081619262695,0.91399455,1
2024-11-25,0.7499999999999987,5.1872639656066895,0.78385186,1
2024-11-26,4.499999999999992,5.794581890106201,0.7633105,1
2024-11-27,4.499999999999992,8.835451126098633,0.99114054,1
2024-11-28,0.0,4.646943092346191,0.74766296,1
2024-11-29,0.0,0.0,0.645166,0
2024-11-30,0.0,0.0,0.5220133,0
2024-12-01,0.49999999999999734,0.0,0.30965573,0
2024-12-02,0.49999999999999734,0.0,0.07097247,0
2024-12-03,0.0,0.0,0.09144492,0
2024-12-04,0.0,0.0,0.12767532,0
2024-12-05,0.0,0.0,0.24730408,0
2024-12-06,0.0,0.0,0.4802959,0
2024-12-07,0.0,0.0,0.25864866,0
2024-12-08,3.7499999999999947,0.0,0.25781828,0
2024-12-09,3.7499999999999947,5.010411739349365,0.9696711,1
2024-12-10,0.0,3.0338871479034424,0.7596618,1
2024-12-11,0.5999999999999925,0.0,0.38572595,0
2024-12-12,0.5999999999999925,0.0,0.5076609,0
2024-12-13,0.5999999999999925,0.0,0.6829625,0
2024-12-14,5.09999999999999,0.0,0.4438936,0
2024-12-15,13.5,6.49200963973999,0.9618214,1
2024-12-16,13.799999999999997,8.195730209350586,0.9862895,1
2024-12-17,8.399999999999999,8.702149391174316,0.987668,1
2024-12-18,4.200000000000003,5.882651329040527,0.9858036,1
2024-12-19,0.5999999999999943,0.0,0.47462046,0
2024-12-20,0.399999999999995,0.0,0.28731784,0
2024-12-21,0.9999999999999929,0.0,0.21215172,0
2024-12-22,1.1999999999999957,0.0,0.36914098,0
2024-12-23,5.599999999999994,6.685628890991211,0.7733248,1
2024-12-24,4.9999999999999964,7.281820297241211,0.98716587,1
2024-12-25,0.7500000000000071,0.0,0.70958334,0
2024-12-26,11.249999999999996,5.4004316329956055,0.7230022,1
2024-12-27,12.899999999999988,10.136343955993652,0.99316734,1
2024-12-28,4.200000000000003,6.340455055236816,0.983872,1
2024-12-29,11.549999999999994,4.801133155822754,0.87250674,1
2024-12-30,14.999999999999984,7.36860466003418,0.99441904,1
2024-12-31,6.000000000000002,5.770073413848877,0.9891623,1
2025-01-01,5.550000000000011,0.0,0.38058722,0
2025-01-02,5.9999999999999964,6.210974216461182,0.992845,1
2025-01-03,7.199999999999992,0.0,0.64227974,0
2025-01-04,10.8,5.282173156738281,0.96982276,1
2025-01-05,7.800000000000001,5.413999080657959,0.9797483,1
2025-01-06,4.199999999999992,3.5661027431488037,0.9840389,1
2025-01-07,1.1999999999999922,3.5205109119415283,0.91463155,1
2025-01-08,0.0,0.0,0.24617101,0
2025-01-09,0.0,0.0,0.2819046,0
2025-01-10,2.399999999999988,0.0,0.14390314,0
2025-01-11,4.800000000000001,4.136593818664551,0.7839334,1
2025-01-12,2.4000000000000092,6.67466402053833,0.9917698,1
2025-01-13,0.0,0.0,0.11481178,0
2025-01-14,0.5999999999999837,0.0,0.13077037,0
2025-01-15,1.1999999999999922,0.0,0.53082263,0
2025-01-16,0.600000000000005,4.130289077758789,0.9213251,1
2025-01-17,1.1999999999999922,0.0,0.20627399,0
2025-01-18,1.1999999999999922,0.0,0.35451856,0
2025-01-19,0.0,0.0,0.12630472,0
2025-01-20,0.0,0.0,0.18568426,0
2025-01-21,0.0,0.0,0.20773813,0
2025-01-22,0.0,0.0,0.18396674,0
2025-01-23,0.0,0.0,0.16543563,0
2025-01-24,1.8000000000000007,0.0,0.4497651,0
2025-01-25,1.8000000000000007,3.6631200313568115,0.9237888,1
2025-01-26,0.0,0.0,0.16735329,0
2025-01-27,0.600000000000005,0.0,0.17908621,0
2025-01-28,0.600000000000005,0.0,0.17730442,0
2025-01-29,0.0,0.0,0.18034947,0
2025-01-30,0.0,0.0,0.15439335,0
2025-01-31,1.1999999999999922,0.0,0.15558793,0
2025-02-01,4.199999999999992,0.0,0.63740605,0
2025-02-02,3.5999999999999837,3.962388038635254,0.8532042,1
2025-02-03,4.199999999999992,7.401582717895508,0.9659413,1
2025-02-04,3.600000000000005,4.023014545440674,0.90616554,1
2025-02-05,2.399999999999988,0.0,0.2822182,0
2025-02-06,3.600000000000005,4.074369430541992,0.9199878,1
2025-02-07,2.4000000000000092,4.285653591156006,0.7447891,1
2025-02-08,1.7999999999999794,3.599144458770752,0.7744462,1
2025-02-09,1.8000000000000007,0.0,0.6408208,0
2025-02-10,1.8000000000000007,3.8294239044189453,0.773294,1
2025-02-11,0.5999999999999837,0.0,0.2220417,0
2025-02-12,0.0,0.0,0.20842823,0
2025-02-13,3.600000000000005,0.0,0.21049711,0
2025-02-14,7.800000000000001,4.1255693435668945,0.73774886,1
2025-02-15,7.199999999999992,5.473679542541504,0.988821,1
2025-02-16,12.600000000000005,5.914924144744873,0.9939651,1
2025-02-17,22.8,9.301796913146973,0.9927919,1
2025-02-18,17.399999999999988,10.936761856079102,0.9941968,1
2025-02-19,5.399999999999988,3.8290445804595947,0.9224567,1
2025-02-20,1.8000000000000007,0.0,0.65753895,0
2025-02-21,0.600000000000005,0.0,0.7060771,0
2025-02-22,0.0,0.0,0.39222792,0
2025-02-23,9.599999999999984,0.0,0.27433142,0
2025-02-24,14.40000000000001,4.493131637573242,0.9560409,1
2025-02-25,6.600000000000005,5.715288162231445,0.97260123,1
2025-02-26,1.7999999999999794,0.0,0.6183113,0
2025-02-27,0.0,0.0,0.629304,0
2025-02-28,0.600000000000005,0.0,0.29569504,0
2025-03-01,0.600000000000005,0.0,0.6861507,0
2025-03-02,0.0,0.0,0.3357582,0
2025-03-03,2.9999999999999964,0.0,0.27023748,0
2025-03-04,2.9999999999999964,0.0,0.6174731,0
2025-03-05,0.600000000000005,0.0,0.23430268,0
2025-03-06,0.600000000000005,0.0,0.60480005,0
2025-03-07,0.5999999999999623,0.0,0.23576179,0
2025-03-08,0.5999999999999623,0.0,0.56372696,0
2025-03-09,0.0,0.0,0.21336833,0
2025-03-10,0.0,0.0,0.21444467,0
2025-03-11,0.0,0.0,0.17367628,0
2025-03-12,0.0,0.0,0.17068398,0
2025-03-13,2.4000000000000306,0.0,0.1660209,0
2025-03-14,2.9999999999999964,0.0,0.39447564,0
2025-03-15,3.5999999999999623,3.9482805728912354,0.93751323,1
2025-03-16,2.9999999999999964,0.0,0.21019854,0
2025-03-17,3.5999999999999623,0.0,0.65676785,0
2025-03-18,4.799999999999979,6.369897842407227,0.9917663,1
2025-03-19,1.2000000000000135,4.01840353012085,0.8334462,1
2025-03-20,0.0,0.0,0.42677385,0
2025-03-21,1.2000000000000135,0.0,0.38352922,0
2025-03-22,5.4000000000000306,0.0,0.3644443,0
2025-03-23,8.999999999999996,0.0,0.6971982,0
2025-03-24,5.399999999999988,7.720034599304199,0.9893064,1
2025-03-25,1.7999999999999794,6.544088840484619,0.97792095,1
2025-03-26,1.7999999999999794,2.7418911457061768,0.8490986,1
2025-03-27,1.800000000000022,0.0,0.6803912,0
2025-03-28,1.2000000000000135,8.067913055419922,0.9778511,1
2025-03-29,2.9999999999999964,0.0,0.41722015,0
2025-03-30,2.9999999999999964,0.0,0.61319,0
2025-03-31,2.399999999999988,4.399846076965332,0.76911145,1
2025-04-01,3.600000000000005,4.602020740509033,0.79078025,1
2025-04-02,2.399999999999988,4.883774280548096,0.87840885,1
2025-04-03,1.1999999999999709,5.064194202423096,0.9048972,1
2025-04-04,0.600000000000005,0.0,0.44794863,0
2025-04-05,0.600000000000005,0.0,0.5184264,0
2025-04-06,0.600000000000005,4.619988918304443,0.88531816,1
2025-04-07,1.100000000000012,0.0,0.46057716,0
2025-04-08,0.5000000000000036,0.0,0.69762146,0
2025-04-09,0.0,0.0,0.6686182,0
2025-04-10,0.0,0.0,0.7113237,0
2025-04-11,0.0,0.0,0.70216286,0
2025-04-12,0.5000000000000036,0.0,0.66459054,0
2025-04-13,1.0000000000000142,4.120226860046387,0.7351799,1
2025-04-14,0.5000000000000036,0.0,0.64915586,0
2025-04-15,0.0,0.0,0.69824266,0
2025-04-16,0.0,0.0,0.66717076,0
2025-04-17,1.4999999999999822,0.0,0.6706476,0
2025-04-18,1.4999999999999822,6.257025718688965,0.8746202,1
2025-04-19,1.5000000000000178,0.0,0.6248829,0
2025-04-20,2.000000000000025,4.219241619110107,0.7235306,1
2025-04-21,0.5000000000000036,3.812028408050537,0.73278314,1
2025-04-22,0.9999999999999751,0.0,0.6492652,0
2025-04-23,1.9999999999999893,0.0,0.65391237,0
2025-04-24,1.9999999999999893,0.0,0.62605965,0
2025-04-25,2.4999999999999964,5.205488204956055,0.8892728,1
2025-04-26,1.5000000000000178,5.693829536437988,0.9600695,1
2025-04-27,4.499999999999989,0.0,0.6709311,0
2025-04-28,4.499999999999989,5.344804286956787,0.9881319,1
2025-04-29,3.0000000000000036,4.923439025878906,0.95446306,1
2025-04-30,3.0000000000000036,5.362894535064697,0.9866,1
2025-05-01,1.4999999999999822,4.440749168395996,0.8363925,1
2025-05-02,1.4999999999999822,0.0,0.6915241,0
2025-05-03,0.0,5.371346950531006,0.87897944,1
2025-05-04,0.0,0.0,0.6697931,0
2025-05-05,0.0,0.0,0.69117755,0
2025-05-06,0.0,5.7166748046875,0.921882,1
2025-05-07,0.5000000000000036,4.687034606933594,0.84834546,1
2025-05-08,0.5000000000000036,0.0,0.6002444,0
2025-05-09,0.0,0.0,0.60569715,0
2025-05-10,0.0,0.0,0.57241803,0
2025-05-11,0.0,0.0,0.58616835,0
2025-05-12,0.0,4.584511756896973,0.931542,1
2025-05-13,0.0,0.0,0.5534415,0
2025-05-14,1.0000000000000107,0.0,0.6415057,0
2025-05-15,1.5000000000000178,4.702722549438477,0.9814565,1
2025-05-16,0.9999999999999751,5.274046421051025,0.7976678,1
2025-05-17,3.9999999999999822,0.0,0.65320027,0
2025-05-18,9.000000000000018,4.9942121505737305,0.9275344,1
2025-05-19,6.000000000000011,5.935781002044678,0.988825,1
2025-05-20,1.4999999999999822,5.020196437835693,0.7573066,1
2025-05-21,1.4999999999999822,5.113436698913574,0.78394073,1
2025-05-22,3.0000000000000036,0.0,0.53688675,0
2025-05-23,2.4999999999999964,0.0,0.624958,0
2025-05-24,0.0,0.0,0.6889295,0
2025-05-25,0.0,0.0,0.6212453,0
2025-05-26,0.0,0.0,0.57999176,0
2025-05-27,0.0,0.0,0.62703973,0
2025-05-28,0.0,0.0,0.594485,0
2025-05-29,0.0,0.0,0.62356955,0
2025-05-30,0.0,0.0,0.6275261,0
2025-05-31,0.0,0.0,0.55492604,0
2025-06-01,0.0,0.0,0.63009715,0
2025-06-02,0.0,0.0,0.5114672,0
2025-06-03,0.0,0.0,0.58220285,0
2025-06-04,0.0,0.0,0.61423457,0
2025-06-05,0.0,0.0,0.5451505,0
2025-06-06,0.0,0.0,0.5451505,0
2025-06-07,0.0,0.0,0.5448312,0
2025-06-08,0.0,0.0,0.47983944,0
2025-06-09,0.0,0.0,0.4647053,0
2025-06-10,0.0,0.0,0.53118914,0
2025-06-11,0.0,0.0,0.63415617,0
2025-06-12,0.0,5.216346740722656,0.7530427,1
2025-06-13,0.0,0.0,0.518829,0
2025-06-14,0.0,0.0,0.44053668,0
2025-06-15,0.0,0.0,0.49610308,0
2025-06-16,0.0,0.0,0.45603797,0
2025-06-17,0.0,0.0,0.5156517,0
2025-06-18,0.0,0.0,0.47810918,0
2025-06-19,0.0,0.0,0.5262634,0
2025-06-20,0.0,0.0,0.514939,0
2025-06-21,0.0,0.0,0.5350575,0
2025-06-22,0.0,0.0,0.5347885,0
2025-06-23,0.0,0.0,0.57040024,0
2025-06-24,0.0,0.0,0.5119636,0
2025-06-25,0.0,0.0,0.5119636,0
2025-06-26,0.0,0.0,0.5119636,0
2025-06-27,0.0,0.0,0.5119636,0
2025-06-28,0.0,0.0,0.49151546,0
2025-06-29,0.0,0.0,0.49151546,0
2025-06-30,0.0,0.0,0.5087201,0
2025-07-01,0.0,0.0,0.4857401,0
2025-07-02,0.0,0.0,0.4857401,0
2025-07-03,0.0,0.0,0.4857401,0
2025-07-04,0.0,0.0,0.4857401,0
2025-07-05,0.0,0.0,0.4857401,0
2025-07-06,0.0,0.0,0.4857401,0
2025-07-07,0.0,0.0,0.4857401,0
2025-07-08,0.0,0.0,0.4857401,0
2025-07-09,0.0,0.0,0.4857401,0
2025-07-10,0.0,0.0,0.4857401,0
2025-07-11,0.0,0.0,0.4857401,0
2025-07-12,0.0,0.0,0.4822615,0
2025-07-13,0.0,0.0,0.4822615,0
2025-07-14,0.0,0.0,0.4822615,0
2025-07-15,0.0,0.0,0.4822615,0
2025-07-16,0.0,5.548104763031006,0.74988794,1
2025-07-17,0.0,0.0,0.48080453,0
2025-07-18,0.0,0.0,0.48701254,0
2025-07-19,0.0,0.0,0.4799301,0
2025-07-20,0.0,0.0,0.48356462,0
2025-07-21,0.0,0.0,0.48356462,0
2025-07-22,0.0,0.0,0.48356462,0
2025-07-23,0.0,0.0,0.5438897,0
2025-07-24,0.0,0.0,0.48817775,0
2025-07-25,0.0,0.0,0.4905259,0
2025-07-26,0.0,0.0,0.4905259,0
2025-07-27,0.0,0.0,0.4905259,0
2025-07-28,0.0,0.0,0.49079952,0
2025-07-29,0.0,0.0,0.49079952,0
2025-07-30,0.0,0.0,0.5080041,0
2025-07-31,0.0,0.0,0.4848816,0
2025-08-01,0.0,0.0,0.4848816,0
2025-08-02,0.0,0.0,0.4848816,0
2025-08-03,0.0,0.0,0.4848816,0
2025-08-04,0.0,0.0,0.4848816,0
2025-08-05,0.0,0.0,0.48478147,0
2025-08-06,0.0,0.0,0.48478147,0
2025-08-07,0.0,0.0,0.48478147,0
2025-08-08,0.0,0.0,0.48478147,0
2025-08-09,0.0,0.0,0.53614616,0
2025-08-10,0.0,0.0,0.4773198,0
2025-08-11,0.0,0.0,0.4773198,0
2025-08-12,0.0,0.0,0.0037317292,0
2025-08-13,0.0,0.0,0.004871348,0
2025-08-14,0.0,0.0,0.0034145892,0
2025-08-15,0.0,0.0,0.0027172794,0
2025-08-16,0.0,0.0,0.0030379768,0
2025-08-17,0.0,0.0,0.0023113317,0
2025-08-18,0.0,0.0,0.0021890241,0
2025-08-19,0.0,0.0,0.0017440543,0
2025-08-20,0.0,0.0,0.0021530257,0
2025-08-21,0.0,0.0,0.001763301,0
2025-08-22,0.0,0.0,0.0016249889,0
2025-08-23,0.0,0.0,0.0014821459,0
2025-08-24,0.0,0.0,0.0015616876,0
2025-08-25,0.0,0.0,0.0015616876,0
2025-08-26,0.0,0.0,0.0014404429,0
2025-08-27,0.0,0.0,0.0020392255,0
2025-08-28,0.0,0.0,0.009701969,0
2025-08-29,0.0,0.0,0.0045735408,0
2025-08-30,0.0,0.0,0.0017014869,0
2025-08-31,0.0,0.0,0.0017253631,0
2025-09-01,0.0,0.0,0.0014152075,0
2025-09-02,0.0,0.0,0.0015608766,0
2025-09-03,0.0,0.0,0.0016140537,0
2025-09-04,0.0,0.0,0.0020269223,0
2025-09-05,0.0,0.0,0.0017657443,0
2025-09-06,0.0,0.0,0.0017816739,0
2025-09-07,0.0,0.0,0.001561692,0
2025-09-08,0.0,0.0,0.0015300479,0
2025-09-09,0.0,0.0,0.0014995214,0
2025-09-10,0.0,0.0,0.0017691784,0
2025-09-11,0.0,0.0,0.0015093898,0
2025-09-12,0.0,0.0,0.0016506417,0
2025-09-13,0.0,0.0,0.001804796,0
2025-09-14,0.0,0.0,0.002353796,0
2025-09-15,0.0,0.0,0.0060785306,0
2025-09-16,0.0,0.0,0.0047146156,0
2025-09-17,0.0,0.0,0.0024838606,0
2025-09-18,0.0,0.0,0.003049509,0
2025-09-19,0.0,0.0,0.0030382539,0
2025-09-20,0.0,0.0,0.0027987342,0
2025-09-21,0.0,0.0,0.004851251,0
2025-09-22,0.0,0.0,0.09830831,0
2025-09-23,0.0,0.0,0.0059897904,0
2025-09-24,0.0,0.0,0.0027017738,0
2025-09-25,0.0,0.0,0.0027558382,0
2025-09-26,0.0,0.0,0.0026150295,0
2025-09-27,0.0,0.0,0.0021733586,0
2025-09-28,0.0,0.0,0.0021494944,0
2025-09-29,0.0,0.0,0.002762074,0
2025-09-30,0.0,0.0,0.006629738,0
2025-10-01,0.0,0.0,0.0054051233,0
2025-10-02,0.0,0.0,0.0026252037,0
2025-10-03,0.39999999999999647,0.0,0.0037811298,0
2025-10-04,0.39999999999999647,0.0,0.29021582,0
2025-10-05,0.49999999999999645,4.502162456512451,0.76389164,1
2025-10-06,0.49999999999999645,3.5046427249908447,0.82151145,1
2025-10-07,0.0,0.0,0.05591736,0
2025-10-08,0.0,0.0,0.0047186445,0
2025-10-09,0.0,0.0,0.0022481596,0
2025-10-10,0.7999999999999965,0.0,0.0030647232,0
2025-10-11,3.7999999999999963,0.0,0.23113121,0
2025-10-12,4.4999999999999964,6.027338981628418,0.9709307,1
2025-10-13,1.8999999999999966,2.991859197616577,0.8333061,1
2025-10-14,0.39999999999999636,0.0,0.09600484,0
2025-10-15,0.9999999999999958,0.0,0.09107926,0
2025-10-16,3.4999999999999956,3.3225860595703125,0.8047257,1
2025-10-17,2.4999999999999956,4.251316547393799,0.9771542,1
2025-10-18,0.0,0.0,0.64207214,0
2025-10-19,3.9999999999999947,0.0,0.51038504,0
2025-10-20,3.9999999999999947,4.253302097320557,0.9622136,1
2025-10-21,0.0,4.516804218292236,0.7381135,1
2025-10-22,0.0,0.0,0.6406445,0
2025-10-23,0.0,0.0,0.5008015,0
2025-10-24,0.0,0.0,0.10821675,0
2025-10-25,1.1999999999999966,0.0,0.06658239,0
2025-10-26,4.199999999999996,0.0,0.5058195,0
2025-10-27,6.749999999999995,5.724009037017822,0.97420293,1
2025-10-28,4.2499999999999964,6.7651824951171875,0.9917352,1
2025-10-29,1.0000000000000009,0.0,0.43202746,0
2025-10-30,0.499999999999996,0.0,0.60953647,0
2025-10-31,0.0,0.0,0.29390776,0
2025-11-01,0.0,0.0,0.11358409,0
2025-11-02,0.0,0.0,0.15390223,0
2025-11-03,0.0,0.0,0.05769663,0
2025-11-04,1.5999999999999934,0.0,0.1690287,0
2025-11-05,2.099999999999996,0.0,0.44907275,0
2025-11-06,1.6999999999999993,4.183409690856934,0.78133154,1
2025-11-07,1.1999999999999966,4.7044901847839355,0.8008392,1
2025-11-08,0.0,3.915402412414551,0.75637996,1
2025-11-09,0.39999999999999414,0.0,0.25403655,0
2025-11-10,0.7999999999999972,0.0,0.6204533,0
2025-11-11,0.39999999999999414,0.0,0.5721278,0
2025-11-12,0.0,0.0,0.39232725,0
2025-11-13,0.0,0.0,0.017898014,0
2025-11-14,0.0,0.0,0.018922728,0
2025-11-15,0.0,0.0,0.019202568,0
2025-11-16,0.0,0.0,0.018481687,0
2025-11-17,3.999999999999999,0.0,0.027064368,0
2025-11-18,4.499999999999997,0.0,0.28556678,0
2025-11-19,0.4999999999999938,0.0,0.058099046,0
2025-11-20,0.0,0.0,0.042213153,0
2025-11-21,0.0,0.0,0.016784191,0
2025-11-22,0.0,0.0,0.017962888,0
2025-11-23,0.0,0.0,0.015236575,0
2025-11-24,2.4999999999999956,0.0,0.014783184,0
2025-11-25,2.4999999999999956,0.0,0.05427907,0
2025-11-26,0.999999999999992,0.0,0.028673394,0
2025-11-27,1.999999999999993,0.0,0.04702491,0
2025-11-28,2.0000000000000018,0.0,0.032529958,0
2025-11-29,0.9999999999999964,0.0,0.06867297,0
2025-11-30,0.0,0.0,0.02206855,0
2025-12-01,0.9999999999999964,0.0,0.019191254,0
2025-12-02,1.4999999999999947,0.0,0.026046094,0
2025-12-03,0.4999999999999938,0.0,0.02950437,0
2025-12-04,4.499999999999997,0.0,0.017025212,0
2025-12-05,11.499999999999995,0.0,0.16629426,0
2025-12-06,7.999999999999998,0.0,0.65313447,0
2025-12-07,3.999999999999999,0.0,0.04836893,0
2025-12-08,3.499999999999992,0.0,0.10768407,0
2025-12-09,5.999999999999992,0.0,0.022366596,0
2025-12-10,9.0,0.0,0.5771577,0
2025-12-11,3.500000000000001,0.0,0.17558081,0
2025-12-12,0.0,0.0,0.03272849,0
2025-12-13,0.5000000000000027,0.0,0.023486586,0
2025-12-14,1.0000000000000009,0.0,0.016525194,0
2025-12-15,0.4999999999999938,0.0,0.014046659,0
2025-12-16,0.0,0.0,0.012884218,0
2025-12-17,2.999999999999994,0.0,0.014699365,0
2025-12-18,4.999999999999996,0.0,0.022408158,0
2025-12-19,9.0,0.0,0.17079523,0
2025-12-20,6.999999999999997,8.581777572631836,0.7591115,1
2025-12-21,9.49999999999999,0.0,0.046549022,0
2025-12-22,11.99999999999999,0.0,0.6833241,0
2025-12-23,3.499999999999993,0.0,0.03464008,0
2025-12-24,4.9999999999999964,0.0,0.02061346,0
2025-12-25,6.000000000000011,0.0,0.038634684,0
2025-12-26,7.000000000000007,0.0,0.046586026,0
2025-12-27,7.4999999999999964,0.0,0.0418607,0
2025-12-28,2.4999999999999964,0.0,0.07595123,0
2025-12-29,0.0,0.0,0.046728816,0
2025-12-30,0.0,0.0,0.029927235,0
2025-12-31,0.0,0.0,0.016716424,0
2026-01-01,2.999999999999986,0.0,0.24789743,0
2026-01-02,9.49999999999999,0.0,0.018621936,0
2026-01-03,9.500000000000007,0.0,0.021701027,0
2026-01-04,8.499999999999993,0.0,0.022525877,0
2026-01-05,7.4999999999999964,0.0,0.048878323,0
2026-01-06,2.000000000000007,0.0,0.053929985,0
2026-01-07,0.0,0.0,0.039123118,0
2026-01-08,0.0,0.0,0.027775038,0
2026-01-09,0.0,0.0,0.04045357,0
2026-01-10,0.0,0.0,0.015593547,0
2026-01-11,0.0,0.0,0.014697239,0
2026-01-12,0.0,0.0,0.0128267985,0
2026-01-13,0.0,0.0,0.012336653,0
2026-01-14,0.0,0.0,0.014388739,0
2026-01-15,0.0,0.0,0.011108956,0
2026-01-16,0.0,0.0,0.014930253,0
2026-01-17,0.0,0.0,0.015851334,0
2026-01-18,0.0,0.0,0.015926482,0
2026-01-19,0.0,0.0,0.0153895,0
2026-01-20,0.0,0.0,0.0153895,0
2026-01-21,2.4999999999999964,0.0,0.014470338,0
2026-01-22,2.4999999999999964,0.0,0.014248208,0
2026-01-23,0.0,0.0,0.022644678,0
2026-01-24,0.0,0.0,0.022194574,0
2026-01-25,0.0,0.0,0.017147256,0
2026-01-26,0.0,0.0,0.03697056,0
2026-01-27,0.0,0.0,0.014650832,0
2026-01-28,2.999999999999986,0.0,0.014650832,0
2026-01-29,2.999999999999986,0.0,0.42401347,0
2026-01-30,0.0,0.0,0.02785741,0
2026-01-31,0.0,0.0,0.021467976,0
2026-02-01,0.0,0.0,0.015284974,0
2026-02-02,0.0,0.0,0.02033014,0
2026-02-03,0.0,0.0,0.016500235,0
2026-02-04,0.0,0.0,0.016163895,0
2026-02-05,0.0,0.0,0.024830867,0
2026-02-06,0.0,0.0,0.017985756,0
2026-02-07,0.0,0.0,0.017266072,0
2026-02-08,0.0,0.0,0.017266072,0
2026-02-09,0.0,0.0,0.017266072,0
2026-02-10,0.0,0.0,0.0492903,0
2026-02-11,0.0,0.0,0.017827978,0
2026-02-12,0.0,0.0,0.03750474,0
2026-02-13,0.0,0.0,0.016847054,0
2026-02-14,0.0,0.0,0.01643775,0
2026-02-15,0.0,0.0,0.016664501,0
2026-02-16,8.000000000000004,0.0,0.016664501,0
2026-02-17,8.000000000000004,0.0,0.38326952,0
2026-02-18,3.499999999999993,0.0,0.056379583,0
2026-02-19,3.499999999999993,5.890970230102539,0.7414676,1
2026-02-20,0.0,0.0,0.027437773,0
2026-02-21,0.0,0.0,0.039500237,0
2026-02-22,0.0,0.0,0.019737018,0
2026-02-23,0.5000000000000036,0.0,0.021291316,0
2026-02-24,0.5000000000000036,0.0,0.025393937,0
2026-02-25,14.999999999999996,0.0,0.036694698,0
2026-02-26,14.999999999999996,0.0,0.01715724,0
2026-02-27,0.0,0.0,0.04651441,0
2026-02-28,0.0,0.0,0.046152182,0
2026-03-01,1.4999999999999822,0.0,0.51911134,0
2026-03-02,1.4999999999999822,0.0,0.08587135,0
2026-03-03,0.0,0.0,0.019182842,0
2026-03-04,0.5000000000000036,0.0,0.02114612,0
2026-03-05,0.5000000000000036,0.0,0.039543904,0
2026-03-06,0.0,0.0,0.05450114,0
2026-03-07,0.0,0.0,0.028923413,0
2026-03-08,11.00000000000001,0.0,0.025264334,0
2026-03-09,11.00000000000001,0.0,0.23242001,0
2026-03-10,8.499999999999975,0.0,0.06695884,0
2026-03-11,8.499999999999975,7.36753511428833,0.84231186,1
2026-03-12,0.0,0.0,0.05016514,0
2026-03-13,1.0000000000000107,0.0,0.048359994,0
2026-03-14,1.0000000000000107,0.0,0.028653247,0
2026-03-15,0.0,0.0,0.020231342,0
2026-03-16,0.5000000000000036,0.0,0.025769565,0
2026-03-17,0.5000000000000036,0.0,0.03795262,0
2026-03-18,0.0,0.0,0.028331285,0
2026-03-19,0.0,0.0,0.018195594,0
2026-03-20,0.0,0.0,0.019279106,0
2026-03-21,0.0,0.0,0.022230703,0
2026-03-22,0.0,0.0,0.019834157,0
2026-03-23,0.0,0.0,0.018776061,0
2026-03-24,0.0,0.0,0.02188955,0
2026-03-25,0.0,0.0,0.017397538,0
2026-03-26,0.0,0.0,0.020428639,0
2026-03-27,0.0,0.0,0.020235026,0
2026-03-28,0.0,0.0,0.02138349,0
2026-03-29,0.0,0.0,0.020000413,0
2026-03-30,0.0,0.0,0.025676688,0
2026-03-31,2.000000000000025,0.0,0.017662615,0
2026-04-01,3.0000000000000036,0.0,0.058556948,0
2026-04-02,5.999999999999975,0.0,0.055700455,0
2026-04-03,5.5000000000000036,7.496567726135254,0.83080035,1
2026-04-04,0.5000000000000036,0.0,0.12418628,0
2026-04-05,0.0,0.0,0.10487706,0
2026-04-06,0.0,0.0,0.042009547,0
2026-04-07,0.0,0.0,0.044434723,0
2026-04-08,0.0,0.0,0.030124687,0
2026-04-09,0.0,0.0,0.029160272,0
2026-04-10,0.0,0.0,0.024643088,0
2026-04-11,0.5000000000000036,0.0,0.032838378,0
2026-04-12,2.000000000000025,0.0,0.05381649,0
2026-04-13,3.5000000000000107,0.0,0.06897283,0
2026-04-14,1.9999999999999893,0.0,0.3849564,0
2026-04-15,1.4999999999999822,0.0,0.050868634,0
2026-04-16,4.499999999999989,0.0,0.0927596,0
2026-04-17,3.0000000000000036,0.0,0.65992033,0
2026-04-18,0.0,0.0,0.054516878,0
2026-04-19,0.0,0.0,0.037891142,0
2026-04-20,0.0,0.0,0.033979025,0
2026-04-21,0.0,0.0,0.03212086,0
